year,emission
2001,4769.093970737785
2002,4929.678591127598
2003,5064.0455876530505
2004,5190.07845493223
2005,5361.490852306371
2006,5481.345733331446
2007,5544.502624034756
2008,5456.541442639286
2009,5210.810457410256
2010,4979.716204566267
2011,4930.251521147605
2012,4811.334314555449
2013,4822.855416446973
2014,4826.252168862744
2015,4742.833373728175
2016,4576.9252895315285
2017,4441.151702832281
2018,4288.268155126568
