year,emission
2001,4769.093970737785
2002,4929.678591127598
2003,5064.0455876530505
2004,5190.07845493223
2005,5361.490852306371
2006,5481.345733331446
2007,5544.502624034756
2008,5348.489976840294
2009,4981.049518756715
2010,4549.169636414621
2011,4258.561975009888
2012,3948.986475946948
2013,3752.7605272451624
2014,3531.685625920608
2015,3252.0041363082923
2016,2890.8414719822485
2017,2577.9128486097898
2018,2290.8007746514063
