year,grams_CO2
2001,1393232929707.5244
2002,1320236405366.206
2003,1089151711453.0261
2004,1035370059857.071
2005,1056382751849.9684
2006,1077710590391.9796
2007,1071258243565.4281
2008,836261494411.8059
2009,616708461307.4136
2010,326606665819.50006
2011,154854212395.97162
2012,138203135494.3908
2013,117642231438.47282
2014,118403830290.92403
2015,145364542972.13162
2016,181705407376.626
2017,272364030406.01337
2018,306097154548.20654
